{
  "name": "ert-poly-example",
  "forward_model_steps": [
    {
      "name": "poly_eval",
      "executable": "poly_eval.py",
      "args": [
        "--experiment-id",
        "{experiment_id}",
        "--execution-id",
        "{execution_id}",
        "--realization",
        "{realization}",
        "--iteration",
        "{iteration}"
      ]
    }
  ],
  "updates": [
    {
      "name": "step_1",
      "algorithm": "es_update",
      "arguments": {
        "random_seed": 1,
        "weight": 0.25
      }
    },
    {
      "name": "step_2",
      "algorithm": "es_update",
      "arguments": {
        "random_seed": 2,
        "weight": 0.25
      }
    },
    {
      "name": "step_3",
      "algorithm": "es_update",
      "arguments": {
        "random_seed": 3,
        "weight": 0.25
      }
    },
    {
      "name": "step_4",
      "algorithm": "es_update",
      "arguments": {
        "random_seed": 4,
        "weight": 0.25
      }
    }
  ],
  "queue_config": {
    "backend": "local",
    "custom_attributes": {}
  },
  "parameter_matrix": {
    "metadata": {
      "A": {
        "source": "prior",
        "updatable": true
      },
      "B": {
        "source": "prior",
        "updatable": true
      },
      "C": {
        "source": "prior",
        "updatable": true
      }
    },
    "values": {
      "A": {
        "0": 1.3047170797544314,
        "1": -0.03998410624049553,
        "2": 1.7504511958064572,
        "3": 1.9405647163912139,
        "4": -0.9510351886538364,
        "5": -0.3021795068623181,
        "6": 1.1278404031672853,
        "7": 0.6837574076564178,
        "8": 0.9831988424957112,
        "9": 0.14695607242641995,
        "10": 1.8793979748628287,
        "11": 1.7777919354289482,
        "12": 1.066030697561216,
        "13": 2.1272412069680326,
        "14": 1.4675093422520455,
        "15": 0.14070753711676176,
        "16": 1.3687507840824988,
        "17": 0.0411173991710011,
        "18": 1.8784503013072724,
        "19": 0.9500740890137471
      },
      "B": {
        "0": -0.3697247270905211,
        "1": -1.3618590888078828,
        "2": 2.4450826773480605,
        "3": -0.3090589641376043,
        "4": -0.8566556443262144,
        "5": -0.7042671009764592,
        "6": 1.0646183711066974,
        "7": 0.7308881287281567,
        "8": 0.8254652231919768,
        "9": 0.8616420060157655,
        "10": 4.2832952017409225,
        "11": -0.8128300327692312,
        "12": -1.0244854581430747,
        "13": -1.6275454564957554,
        "14": 1.2319588451509913,
        "15": 2.2579445854417832,
        "16": -0.22789491530975015,
        "17": -1.680312953925056,
        "18": -1.648962431382479,
        "19": 1.3011855756494022
      },
      "C": {
        "0": 3.7162708560172115,
        "1": 2.7157713415259748,
        "2": -3.3275485364434716,
        "3": 1.1608066153335987,
        "4": 0.5834290457036411,
        "5": 1.0934429836450648,
        "6": 4.357143889740949,
        "7": 1.1179777438734113,
        "8": 3.3945678153594745,
        "9": 0.3378953474444573,
        "10": 1.4455969934499207,
        "11": 3.156441129192702,
        "12": -7.285779099278332,
        "13": -1.5983560817865068,
        "14": -2.3518632714639773,
        "15": -3.19438924121671,
        "16": -1.3757112561334186,
        "17": 7.474706556171979,
        "18": -4.329155578466216,
        "19": 4.8413917729574045
      }
    },
    "datasets": []
  },
  "observations": [
    {
      "key": {
        "response": "y",
        "x": "0"
      },
      "value": 2.265648,
      "std_dev": 0.6
    },
    {
      "key": {
        "response": "y",
        "x": "2"
      },
      "value": 7.466611,
      "std_dev": 1.4
    },
    {
      "key": {
        "response": "y",
        "x": "4"
      },
      "value": 14.153351,
      "std_dev": 3.0
    },
    {
      "key": {
        "response": "y",
        "x": "6"
      },
      "value": 24.84301,
      "std_dev": 5.4
    },
    {
      "key": {
        "response": "y",
        "x": "8"
      },
      "value": 43.565715,
      "std_dev": 8.6
    }
  ]
}
