{
  "name": "ert-poly-example",
  "forward_model_steps": [
    {
      "name": "poly_eval",
      "executable": "poly_eval.py",
      "args": [
        "--experiment-id",
        "{experiment_id}",
        "--execution-id",
        "{execution_id}",
        "--realization",
        "{realization}",
        "--iteration",
        "{iteration}"
      ]
    }
  ],
  "updates": [
    {
      "name": "step_1",
      "algorithm": "enif_update",
      "arguments": {
        "random_seed": 1,
        "neighbor_propagation_order": 1
      }
    },
    {
      "name": "step_1",
      "algorithm": "enif_update",
      "arguments": {
        "random_seed": 1,
        "neighbor_propagation_order": 1
      }
    },
    {
      "name": "step_1",
      "algorithm": "enif_update",
      "arguments": {
        "random_seed": 1,
        "neighbor_propagation_order": 1
      }
    }
  ],
  "queue_config": {
    "backend": "local",
    "custom_attributes": {}
  },
  "parameter_matrix": {
    "metadata": {
      "A": {
        "source": "prior",
        "updatable": true
      },
      "B": {
        "source": "prior",
        "updatable": true
      },
      "C": {
        "source": "prior",
        "updatable": true
      }
    },
    "values": {
      "A": {
        "0": 1.4967141530112327,
        "1": 0.8617356988288154,
        "2": 1.6476885381006925,
        "3": 2.5230298564080256,
        "4": 0.765846625276664,
        "5": 0.7658630430508194,
        "6": 2.5792128155073915,
        "7": 1.767434729152909,
        "8": 0.5305256140650478,
        "9": 1.5425600435859645,
        "10": 0.5365823071875377,
        "11": 0.5342702464297431,
        "12": 1.2419622715660341,
        "13": -0.9132802446577979,
        "14": -0.7249178325130328,
        "15": 0.4377124707590273,
        "16": -0.012831120334423796,
        "17": 1.314247332595274,
        "18": 0.09197592447878888,
        "19": -0.4123037013352917
      },
      "B": {
        "0": 2.931297537843108,
        "1": -0.4515526009730713,
        "2": 0.13505640937584767,
        "3": -2.8494963724269136,
        "4": -1.0887654490503653,
        "5": 0.22184517941973217,
        "6": -2.3019871548446056,
        "7": 0.7513960366913439,
        "8": -1.20127737983761,
        "9": -0.5833874995865536,
        "10": -1.2034132244587938,
        "11": 3.7045563690178756,
        "12": -0.026994449475867828,
        "13": -2.1154218579118,
        "14": 1.645089824206378,
        "15": -2.4416872999420445,
        "16": 0.4177271900095108,
        "17": -3.919340247759551,
        "18": -2.656372097796861,
        "19": 0.39372247173824704
      },
      "C": {
        "0": 3.6923328999770524,
        "1": 0.8568414059498525,
        "2": -0.5782414119412026,
        "3": -1.505518477946444,
        "4": -7.392609951837137,
        "5": -3.5992210419735433,
        "6": -2.3031938547989377,
        "7": 5.285611131094578,
        "8": 1.718091447842307,
        "9": -8.81520077681367,
        "10": 1.620419846973975,
        "11": -1.9254114020815827,
        "12": -3.3846100015297935,
        "13": 3.0583814442043393,
        "14": 5.154997612479755,
        "15": 4.656400595580993,
        "16": -4.196087616113193,
        "17": -1.546061879256073,
        "18": 1.6563171570178197,
        "19": 4.877725635611796
      }
    },
    "datasets": []
  },
  "observations": [
    {
      "key": {
        "response": "y",
        "x": "0"
      },
      "value": 2.265648,
      "std_dev": 0.6
    },
    {
      "key": {
        "response": "y",
        "x": "2"
      },
      "value": 7.466611,
      "std_dev": 1.4
    },
    {
      "key": {
        "response": "y",
        "x": "4"
      },
      "value": 14.153351,
      "std_dev": 3.0
    },
    {
      "key": {
        "response": "y",
        "x": "6"
      },
      "value": 24.84301,
      "std_dev": 5.4
    },
    {
      "key": {
        "response": "y",
        "x": "8"
      },
      "value": 43.565715,
      "std_dev": 8.6
    }
  ]
}
